<?xml version="1.0" encoding="UTF-8"?>
<project-private xmlns="http://www.netbeans.org/ns/project-private/1">
    <editor-bookmarks xmlns="http://www.netbeans.org/ns/editor-bookmarks/2" lastBookmarkId="0"/>
    <open-files xmlns="http://www.netbeans.org/ns/projectui-open-files/2">
        <group>
            <file>file:/C:/Users/flame/Desktop/fakeTT2/src/com/controller/CovidAlertController.java</file>
            <file>file:/C:/Users/flame/Desktop/fakeTT2/src/com/controller/OrganisationLoginController.java</file>
            <file>file:/C:/Users/flame/Desktop/fakeTT2/src/com/controller/BusinessLoginController.java</file>
            <file>file:/C:/Users/flame/Desktop/fakeTT2/src/com/controller/UpdateCovidStatusController.java</file>
            <file>file:/C:/Users/flame/Desktop/fakeTT2/src/com/boundary/UpdateCovidStatusUI.java</file>
            <file>file:/C:/Users/flame/Desktop/fakeTT2/src/com/boundary/BusinessUserUI.java</file>
            <file>file:/C:/Users/flame/Desktop/fakeTT2/src/com/controller/VaccinatedNumberController.java</file>
            <file>file:/C:/Users/flame/Desktop/fakeTT2/src/com/boundary/VaccinatedNumberUI.java</file>
            <file>file:/C:/Users/flame/Desktop/fakeTT2/src/com/boundary/PublicUserUI.java</file>
            <file>file:/C:/Users/flame/Desktop/fakeTT2/src/com/controller/ViewStatusController.java</file>
            <file>file:/C:/Users/flame/Desktop/fakeTT2/test/com/entity/LoginTest.java</file>
            <file>file:/C:/Users/flame/Desktop/fakeTT2/src/com/boundary/HealthStaffUserUI.java</file>
            <file>file:/C:/Users/flame/Desktop/fakeTT2/src/com/boundary/SearchUserUI.java</file>
            <file>file:/C:/Users/flame/Desktop/fakeTT2/src/com/boundary/GenerateCovidReportUI.java</file>
            <file>file:/C:/Users/flame/Desktop/fakeTT2/src/com/boundary/BusinessLoginUI.java</file>
            <file>file:/C:/Users/flame/Desktop/fakeTT2/src/com/controller/CheckInController.java</file>
            <file>file:/C:/Users/flame/Desktop/fakeTT2/src/com/boundary/UpdateVaccStatusUI.java</file>
            <file>file:/C:/Users/flame/Desktop/fakeTT2/src/com/controller/SearchUserController.java</file>
            <file>file:/C:/Users/flame/Desktop/fakeTT2/src/com/boundary/PublicLoginUI.java</file>
            <file>file:/C:/Users/flame/Desktop/fakeTT2/src/com/boundary/OrganisationLoginUI.java</file>
            <file>file:/C:/Users/flame/Desktop/fakeTT2/src/com/controller/BusinessCheckInHistoryController.java</file>
            <file>file:/C:/Users/flame/Desktop/fakeTT2/src/com/entity/Public.java</file>
            <file>file:/C:/Users/flame/Desktop/fakeTT2/src/com/boundary/UpdateCovidNewsUI.java</file>
            <file>file:/C:/Users/flame/Desktop/fakeTT2/src/com/controller/ViewVaccCertController.java</file>
            <file>file:/C:/Users/flame/Desktop/fakeTT2/src/com/boundary/HealthStaffLoginUI.java</file>
            <file>file:/C:/Users/flame/Desktop/fakeTT2/src/com/controller/NewsAlertController.java</file>
            <file>file:/C:/Users/flame/Desktop/fakeTT2/src/com/controller/HealthStaffLoginController.java</file>
            <file>file:/C:/Users/flame/Desktop/fakeTT2/src/com/entity/Login.java</file>
            <file>file:/C:/Users/flame/Desktop/fakeTT2/src/com/boundary/UpdateVaccApptUI.java</file>
            <file>file:/C:/Users/flame/Desktop/fakeTT2/src/com/controller/UpdateCovidNewsController.java</file>
            <file>file:/C:/Users/flame/Desktop/fakeTT2/src/com/controller/UpdateVaccStatusController.java</file>
            <file>file:/C:/Users/flame/Desktop/fakeTT2/src/com/controller/UpdateVaccApptController.java</file>
            <file>file:/C:/Users/flame/Desktop/fakeTT2/src/com/boundary/CreateUserUI.java</file>
            <file>file:/C:/Users/flame/Desktop/fakeTT2/src/com/boundary/PublicUserCheckInUI.java</file>
            <file>file:/C:/Users/flame/Desktop/fakeTT2/src/com/boundary/DeleteUserUI.java</file>
            <file>file:/C:/Users/flame/Desktop/fakeTT2/src/com/entity/HealthStaff.java</file>
            <file>file:/C:/Users/flame/Desktop/fakeTT2/src/com/controller/CreateUserController.java</file>
            <file>file:/C:/Users/flame/Desktop/fakeTT2/src/com/controller/DeleteUserController.java</file>
            <file>file:/C:/Users/flame/Desktop/fakeTT2/src/com/controller/GenerateCovidReportController.java</file>
            <file>file:/C:/Users/flame/Desktop/fakeTT2/src/com/entity/Organisation.java</file>
            <file>file:/C:/Users/flame/Desktop/fakeTT2/src/com/controller/PublicLoginController.java</file>
            <file>file:/C:/Users/flame/Desktop/fakeTT2/src/com/controller/CheckInHistoryController.java</file>
            <file>file:/C:/Users/flame/Desktop/fakeTT2/src/com/entity/Business.java</file>
            <file>file:/C:/Users/flame/Desktop/fakeTT2/src/com/boundary/OrganisationUserUI.java</file>
            <file>file:/C:/Users/flame/Desktop/fakeTT2/src/com/controller/UpdateUserController.java</file>
        </group>
    </open-files>
</project-private>
